id,source_channel,timestamp,user_id,subject,body,affected_users
FB-0001,ticket,2026-09-24 8:10:00,u1000,紧急问题,无法登录系统，所有同事都进不去，紧急，联系电话13812345678,50
FB-0002,email,2026-09-24 9:11:00,u1001,紧急问题,数据丢失了，客户资料全没了，严重，邮箱kefu@company.com,80
FB-0003,community,2026-09-24 10:12:00,u1002,紧急问题,支付失败，钱扣了但订单没生成，身份证110101199003071234,110
FB-0004,in-app,2026-09-24 11:13:00,u1003,紧急问题,服务不可用，整个系统打不开，银行卡6222021234567890123,140
FB-0005,ticket,2026-09-24 12:14:00,u1004,紧急问题,系统崩溃，页面一直转圈,170
FB-0006,email,2026-09-24 13:15:00,u1005,紧急问题,登录不了，验证码一直收不到，急,200
FB-0007,community,2026-09-24 14:16:00,u1006,紧急问题,数据同步失败，重要数据没了,230
FB-0008,in-app,2026-09-24 15:17:00,u1007,紧急问题,扣款失败，还重复扣了两次，投诉,260
FB-0009,ticket,2026-09-24 16:18:00,u1008,紧急问题,后台宕机了，完全无法使用,290
FB-0010,ticket,2026-09-24 09:05:00,u9999,紧急问题,无法登录系统，所有同事都进不去，紧急，联系电话13812345678,80
FB-0011,ticket,2026-09-24 10:00:00,u2000,功能异常,导出报表时报错，无法完成日常工作,1
FB-0012,email,2026-09-24 10:01:00,u2001,功能异常,页面加载很慢，接口响应超时,1
FB-0013,community,2026-09-24 10:02:00,u2002,功能异常,接口调用失败，与第三方系统对接异常,1
FB-0014,in-app,2026-09-24 10:03:00,u2003,功能异常,手机端卡顿，体验很差,1
FB-0015,ticket,2026-09-24 10:04:00,u2004,功能异常,无法保存草稿，保存时抛出异常,1
FB-0016,email,2026-09-24 10:05:00,u2005,功能异常,搜索功能异常，结果不准确,1
FB-0017,community,2026-09-24 10:06:00,u2006,功能异常,批量导入报错，进度一直卡住,1
FB-0018,in-app,2026-09-24 10:07:00,u2007,功能异常,推送通知失败，收不到消息提醒,1
FB-0019,ticket,2026-09-24 10:08:00,u2008,功能异常,登录后页面一直转圈，存在性能问题,1
FB-0020,email,2026-09-24 11:00:00,u2000,功能异常,导出报表时报错，无法完成日常工作,2
FB-0021,community,2026-09-24 11:01:00,u2001,功能异常,页面加载很慢，接口响应超时,2
FB-0022,in-app,2026-09-24 11:02:00,u2002,功能异常,接口调用失败，与第三方系统对接异常,2
FB-0023,ticket,2026-09-24 11:03:00,u2003,功能异常,手机端卡顿，体验很差,2
FB-0024,email,2026-09-24 11:04:00,u2004,功能异常,无法保存草稿，保存时抛出异常,2
FB-0025,community,2026-09-24 11:05:00,u2005,功能异常,搜索功能异常，结果不准确,2
FB-0026,in-app,2026-09-24 11:06:00,u2006,功能异常,批量导入报错，进度一直卡住,2
FB-0027,ticket,2026-09-24 11:07:00,u2007,功能异常,推送通知失败，收不到消息提醒,2
FB-0028,email,2026-09-24 11:08:00,u2008,功能异常,登录后页面一直转圈，存在性能问题,2
FB-0029,community,2026-09-24 12:00:00,u2000,功能异常,导出报表时报错，无法完成日常工作,3
FB-0030,in-app,2026-09-24 12:01:00,u2001,功能异常,页面加载很慢，接口响应超时,3
FB-0031,ticket,2026-09-24 12:02:00,u2002,功能异常,接口调用失败，与第三方系统对接异常,3
FB-0032,email,2026-09-24 12:03:00,u2003,功能异常,手机端卡顿，体验很差,3
FB-0033,community,2026-09-24 12:04:00,u2004,功能异常,无法保存草稿，保存时抛出异常,3
FB-0034,in-app,2026-09-24 12:05:00,u2005,功能异常,搜索功能异常，结果不准确,3
FB-0035,ticket,2026-09-24 12:06:00,u2006,功能异常,批量导入报错，进度一直卡住,3
FB-0036,email,2026-09-24 12:07:00,u2007,功能异常,推送通知失败，收不到消息提醒,3
FB-0037,community,2026-09-24 12:08:00,u2008,功能异常,登录后页面一直转圈，存在性能问题,3
FB-0038,email,2026-09-24 11:11:00,u2222,功能异常,页面加载很慢，接口响应超时,2
FB-0039,email,2026-09-24 13:00:00,u3000,功能建议,希望支持批量导出Excel功能,1
FB-0040,community,2026-09-24 13:01:00,u3001,功能建议,建议增加深色模式,1
FB-0041,in-app,2026-09-24 13:02:00,u3002,功能建议,设置页面不好用，有体验问题,1
FB-0042,ticket,2026-09-24 13:03:00,u3003,功能建议,功能请求：希望支持自定义字段,1
FB-0043,email,2026-09-24 13:04:00,u3004,功能建议,建议增加权限审批流程,1
FB-0044,community,2026-09-24 13:05:00,u3005,功能建议,希望支持多语言切换,1
FB-0045,email,2026-09-24 14:00:00,u3000,功能建议,希望支持批量导出Excel功能,1
FB-0046,community,2026-09-24 14:01:00,u3001,功能建议,建议增加深色模式,1
FB-0047,in-app,2026-09-24 14:02:00,u3002,功能建议,设置页面不好用，有体验问题,1
FB-0048,ticket,2026-09-24 14:03:00,u3003,功能建议,功能请求：希望支持自定义字段,1
FB-0049,email,2026-09-24 14:04:00,u3004,功能建议,建议增加权限审批流程,1
FB-0050,community,2026-09-24 14:05:00,u3005,功能建议,希望支持多语言切换,1
FB-0051,email,2026-09-24 15:00:00,u3000,功能建议,希望支持批量导出Excel功能,1
FB-0052,community,2026-09-24 15:01:00,u3001,功能建议,建议增加深色模式,1
FB-0053,in-app,2026-09-24 15:02:00,u3002,功能建议,设置页面不好用，有体验问题,1
FB-0054,ticket,2026-09-24 15:03:00,u3003,功能建议,功能请求：希望支持自定义字段,1
FB-0055,email,2026-09-24 15:04:00,u3004,功能建议,建议增加权限审批流程,1
FB-0056,community,2026-09-24 15:05:00,u3005,功能建议,希望支持多语言切换,1
FB-0057,ticket,2026-09-24 15:00:00,u4000,用户反馈,感谢团队，新功能很好用,1
FB-0058,email,2026-09-24 15:01:00,u4001,用户反馈,整体体验不错，很满意,1
FB-0059,community,2026-09-24 15:02:00,u4002,用户反馈,表扬一下客服，响应很快,1
FB-0060,in-app,2026-09-24 15:03:00,u4003,用户反馈,产品很好用，感谢你们,1
FB-0061,ticket,2026-09-24 16:00:00,u4000,用户反馈,感谢团队，新功能很好用,1
FB-0062,email,2026-09-24 16:01:00,u4001,用户反馈,整体体验不错，很满意,1
FB-0063,community,2026-09-24 16:02:00,u4002,用户反馈,表扬一下客服，响应很快,1
FB-0064,in-app,2026-09-24 16:03:00,u4003,用户反馈,产品很好用，感谢你们,1
FB-0065,ticket,2026-09-24 17:00:00,u4000,用户反馈,感谢团队，新功能很好用,1
FB-0066,email,2026-09-24 17:01:00,u4001,用户反馈,整体体验不错，很满意,1
FB-0067,community,2026-09-24 17:02:00,u4002,用户反馈,表扬一下客服，响应很快,1
FB-0068,in-app,2026-09-24 17:03:00,u4003,用户反馈,产品很好用，感谢你们,1
FB-0069,ticket,2026-09-24 17:00:00,u5000,一般反馈,反馈一个业务场景需要关注,1
FB-0070,email,2026-09-24 17:01:00,u5001,一般反馈,需要关注一下这个流程的稳定性,1
FB-0071,community,2026-09-24 17:02:00,u5002,一般反馈,记录一个使用习惯供参考,1
